{"cameraMode":{"drawMode":0,"name":"Shaded","section":"Shading Mode"},"sceneLighting":false,"audioPlay":false,"sceneViewState":{"showFog":true,"showMaterialUpdate":false,"showSkybox":false,"showFlares":true,"showImageEffects":true,"showParticleSystems":true},"in2DMode":false,"pivot":{"x":-0.04498498886823654,"y":0.8698623180389404,"z":1.312572717666626},"rotation":{"x":-0.021574459969997407,"y":-0.030579468235373498,"z":-0.0006598793552257121,"w":0.9992992877960205},"size":0.248690664768219,"orthographic":false}